LEVEL_3_CO,LEVEL_NAME,AREA_SQKM,TOTAL,RELATIVE,RICHNESS,RANGE_MEAN,RANGE_MEDIAN,ENDEMISM_T,ENDEMISM_R,BIEN_OCCUR,GDP_SUM,GDP_CAPITA,ROAD_DENSITY,POP_COUNT,POP_DENSITY,SECURITY,RESEARCH_EXP,EDUCATION_EXP
ABT,Alberta,661998.02,1063,0.914015477,1163,33.88,22,2,0.002,0.82,305.961978,98796.49,55.72,3096891.28,4.68,1.625090909,1.757034,5.107454558
AFG,Afghanistan,643571.32,1695,0.542573624,3124,14.37,5,775,0.248,0.45,22.446464,980.80,133.94,22885820.73,35.56,3.376272727,NA,3.52979625
AGE,Argentina Northeast,1125910.09,2441,0.557051575,4382,11.56,5,230,0.052,0.75,679.283024,22681.01,369.81,29949419.49,26.60,1.931363636,0.574948889,4.708739512
AGS,Argentina South,785187.95,1017,0.579487179,1755,7.17,3,233,0.133,0.77,53.69157,28730.18,182.85,1868820.91,2.38,1.931363636,0.574948889,4.708739512
AGW,Argentina Northwest,876409.52,2394,0.535450682,4471,9.05,3,758,0.17,0.73,104.320326,14052.35,185.66,7423694.04,8.47,1.931363636,0.574948889,4.708739512
ALA,Alabama,134788.50,2023,0.836988002,2417,24.17,18,59,0.024,0.75,282.902968,59018.21,447.99,4793486.47,35.56,2.299636364,2.754861,4.946395
ALB,Albania,28702.77,2201,0.797174937,2761,26.22,20,50,0.018,0.23,11.82818,3909.29,1146.64,3025657.98,105.41,2.009636364,0.15412,3.376410668
ALD,Aldabra,184.34,116,0.720496894,161,34.17,24,18,0.112,0.05,0.002318,3176.69,0.00,729.69,3.96,NA,0.22162,4.791015496
ALG,Algeria,2326135.46,2106,0.724707502,2906,21.37,13,179,0.062,0.41,157.859594,4416.10,25.03,35746376.05,15.37,2.291818182,0.53347,4.33702
ALT,Altay,262907.08,1442,0.722083125,1997,27.35,16,76,0.038,0.28,6.314854,2164.61,70.63,2917312.94,11.10,2.821090909,1.086097,3.690385385
ALU,Aleutian Is.,12601.97,248,0.864111498,287,31.81,19,3,0.01,0.53,0,0.00,0.00,8162.00,0.65,2.821090909,1.086097,3.690385385
AMU,Amur,360888.04,799,0.785644051,1017,27.3,14,14,0.014,0.09,3.36176,3631.31,32.51,925770.09,2.57,2.821090909,1.086097,3.690385385
AND,Andaman Is.,5967.33,929,0.641574586,1448,19.53,12,134,0.093,0.03,0.844636,2711.96,117.32,311448.74,52.19,2.557545455,0.797028,3.625841551
ANG,Angola,1248061.63,2149,0.429456435,5004,14.24,7,1015,0.203,0.50,48.2776,2412.79,108.64,20009056.09,16.03,2.097545455,NA,2.599508015
ANT,Antarctica,12330687.09,3,1,3,9.67,11,0,0,1.00,0,0.00,0.00,0.00,0.00,NA,NA,NA
ARI,Arizona,294961.47,1811,0.717227723,2525,17.41,7,128,0.051,0.76,402.00896,69807.97,221.68,5758783.34,19.52,2.299636364,2.754861,4.946395
ARK,Arkansas,137857.67,1276,0.83235486,1533,30.19,25,11,0.007,0.65,160.82169,55100.61,354.36,2918691.56,21.17,2.299636364,2.754861,4.946395
ARU,Aruba,207.65,183,0.778723404,235,37.03,28,3,0.013,0.10,4.604724,42234.11,8735.38,109028.56,525.06,NA,NA,5.506270591
ASC,Ascension,99.05,18,0.642857143,28,45,27.5,7,0.25,0.11,0,0.00,286.61,701.93,7.09,1.942727273,1.661602,4.946111045
ASK,Alaska,1491866.86,923,0.865853659,1066,30.29,17,28,0.026,0.82,50.32964,94505.01,12.75,532560.54,0.36,2.299636364,2.754861,4.946395
ASP,Amsterdam-St.Paul Is.,72.10,16,0.695652174,23,11.52,9,4,0.174,0.70,0,0.00,0.00,28.00,0.39,1.785090909,2.20872,5.557332007
ASS,Assam,172016.07,2423,0.586540789,4131,13.39,8,356,0.086,0.08,56.006922,1344.23,300.52,41664635.44,242.21,2.557545455,0.797028,3.625841551
ATP,Antipodean Is.,859.73,110,0.728476821,151,8.32,4,31,0.205,0.65,0,0.00,0.00,0.00,0.00,1.392090909,1.21692,6.417572093
AUT,Austria,84082.83,2011,0.658480681,3054,25.13,16,193,0.063,0.69,449.62695,52550.82,1083.22,8556041.35,101.76,1.333272727,2.887387,5.502237218
AZO,Azores,2105.43,401,0.889135255,451,40.22,32,60,0.133,0.41,3.704924,16916.23,0.00,219015.98,104.02,1.505181818,1.386583,5.116852794
BAH,Bahamas,12870.75,630,0.727482679,866,26.04,17,53,0.061,0.45,13.98997,46424.81,213.56,301346.85,23.41,NA,NA,2.23284
BAL,Baleares,5108.14,973,0.848299913,1147,31.61,24,77,0.067,0.76,34.010694,37366.51,1415.92,910191.92,178.18,1.838909091,1.27476,4.344820015
BAN,Bangladesh,139452.12,2095,0.655506884,3196,17.57,10,112,0.035,0.10,164.61906,1234.82,1309.19,133314134.10,955.99,2.097727273,NA,2.059114696
BEN,Benin,116911.19,1058,0.588759043,1797,26.76,20,10,0.006,0.81,6.732774,834.51,182.51,8067978.89,69.01,2.138363636,NA,3.698547783
BER,Bermuda,40.37,133,0.852564103,156,49.09,35,11,0.071,0.06,8.86975,219753.44,226.06,40362.28,999.89,NA,0.22980875,1.968138901
BGM,Belgium,33181.34,1196,0.728823888,1641,34.47,30,27,0.016,0.71,576.70656,51464.00,2144.49,11206017.97,337.72,1.606636364,2.273995,6.065196993
BIS,Bismarck Archipelago,49247.11,534,0.452159187,1181,12.22,4,225,0.191,0.47,0.701368,1100.86,242.69,637110.12,12.94,1.970090909,0.03294,NA
BKN,Burkina,274001.37,821,0.590647482,1390,29.58,22,1,0.001,0.69,8.47516,620.89,113.74,13650093.34,49.82,1.807727273,0.31965,4.073580005
BLR,Belarus,207318.07,1067,0.866071429,1232,43.68,37,9,0.007,0.26,51.146722,5247.24,394.51,9747362.43,47.02,2.121090909,0.612209,5.233056668
BLT,Baltic States,188709.32,1061,0.724726776,1464,38.15,33,46,0.031,0.56,75.508692,10030.97,412.73,7527560.08,39.89,1.96338556,0.973049033,5.137885613
BLZ,Belize,22259.32,2054,0.699591281,2936,19.64,14,50,0.017,0.70,1.830276,5964.05,462.86,306884.94,13.79,NA,NA,6.093446151
BOL,Bolivia,1092615.38,5622,0.464781746,12096,8.2,4,2336,0.193,0.69,23.145136,2503.34,99.91,9245701.31,8.46,2.117909091,0.157,6.38090732
BOR,Borneo,745140.16,3062,0.340033315,9005,5.5,1,4939,0.548,0.30,97.337546,5456.11,191.08,17840098.59,23.94,1.812666019,0.417605112,3.545056578
BOT,Botswana,581114.31,1239,0.627977699,1973,19.92,10,16,0.008,0.65,17.057792,9517.73,98.84,1792212.40,3.08,1.854090909,0.395695,9.721
BRC,British Columbia,944739.61,1513,0.900059488,1681,27.5,15,20,0.012,0.83,202.489436,53437.40,15.89,3789283.02,4.01,1.625090909,1.757034,5.107454558
BRY,Buryatiya,351672.49,1111,0.756296801,1469,28.45,16,25,0.017,0.25,3.379434,3265.52,22.47,1034882.31,2.94,2.821090909,1.086097,3.690385385
BUL,Bulgaria,111065.61,2253,0.75024975,3003,26.16,19,145,0.048,0.40,37.96664,4952.84,398.92,7665633.11,69.02,1.709545455,0.658401,3.595204677
BUR,Burundi,27364.08,1295,0.576323988,2247,21.3,14,38,0.017,0.35,1.962304,244.98,746.81,8010085.54,292.72,2.45,0.139335,4.86260647
BZC,Brazil West-Central,1617304.55,3776,0.487729269,7742,8.84,5,1190,0.154,0.78,132.150728,10261.13,81.34,12878765.44,7.96,2.020545455,1.194235556,4.964810004
BZE,Brazil Northeast,1554214.54,4316,0.482288524,8949,8.01,3,2326,0.26,0.74,243.131384,4784.73,125.48,50814010.24,32.69,2.020545455,1.194235556,4.964810004
BZL,Brazil Southeast,928974.31,5844,0.400438536,14594,5.55,2,5720,0.392,0.63,955.170626,12324.62,176.07,77501049.53,83.43,2.020545455,1.194235556,4.964810004
BZN,Brazil North,3857875.65,4813,0.450697631,10679,8.11,4,1484,0.139,0.72,92.767102,6146.02,27.09,15093857.69,3.91,2.020545455,1.194235556,4.964810004
BZS,Brazil South,566836.25,3471,0.493670886,7031,8.56,4,1179,0.168,0.64,315.130722,12078.24,182.49,26090775.21,46.03,2.020545455,1.194235556,4.964810004
CAB,Cabinda,7027.74,376,0.50334672,747,11.29,7,37,0.05,0.08,0.713508,2969.94,195.99,240243.56,34.19,2.097545455,NA,2.599508015
CAF,Central African Republic,622629.04,1535,0.523890785,2930,19.63,14,77,0.026,0.36,2.004772,533.23,40.48,3759687.54,6.04,2.824363636,NA,1.449491664
CAL,California,408562.28,2960,0.726737049,4073,11.13,3,1237,0.304,0.89,2984.263516,85181.24,603.14,35034281.78,85.75,2.299636364,2.754861,4.946395
CAY,Cayman Is.,308.02,343,0.792147806,433,34.98,28,18,0.042,0.19,3.492888,79562.67,4386.74,43901.09,142.53,NA,NA,2.476785
CBD,Cambodia,183115.13,1602,0.634204276,2526,14.24,9,147,0.058,0.16,15.117736,1099.93,310.49,13744288.22,75.06,2.127,0.11823,1.65821667
CGS,Chagos Archipelago,105.16,36,0.857142857,42,55.83,49,0,0,0.02,0,0.00,0.00,2999.91,28.53,1.942727273,1.661602,4.946111045
CHA,Chad,1279136.94,1058,0.621621622,1702,28.53,22,33,0.019,0.08,5.529524,592.28,40.68,9336045.76,7.30,2.608363636,0.32217,2.259937495
CHC,China South-Central,1312737.59,7474,0.55130191,13557,7,2,4900,0.361,0.60,718.39908,2833.27,214.62,253557858.70,193.15,2.284727273,1.880259,1.861919959
CHH,Hainan,34205.47,1639,0.661153691,2479,15.84,8,394,0.159,0.51,26.896876,3235.50,415.59,8313056.29,243.03,2.284727273,1.880259,1.861919959
CHI,Inner Mongolia,1203296.34,1047,0.73628692,1422,21.8,10,56,0.039,0.31,167.638418,5694.62,89.03,29438029.85,24.46,2.284727273,1.880259,1.861919959
CHM,Manchuria,790163.60,1312,0.779097387,1684,22.12,10,65,0.039,0.37,532.25367,5077.42,201.74,104827589.25,132.67,2.284727273,1.880259,1.861919959
CHN,China North-Central,1112281.49,2537,0.698128784,3634,13.71,5,341,0.094,0.54,1530.854756,5329.83,364.58,287224020.06,258.23,2.284727273,1.880259,1.861919959
CHQ,Qinghai,735728.38,930,0.663811563,1401,15.73,6,126,0.09,0.49,18.37948,3407.16,46.75,5394372.22,7.33,2.284727273,1.880259,1.861919959
CHS,China Southeast,1430534.52,4729,0.625611853,7559,10,3,1871,0.248,0.54,3549.415846,5937.30,544.96,597816631.58,417.90,2.284727273,1.879240155,1.863379162
CHT,Tibet,1137215.61,2687,0.579219659,4639,10.02,4,777,0.167,0.35,7.349036,2559.63,46.09,2871137.51,2.52,2.284727273,1.880259,1.861919959
CHX,Xinjiang,1633329.24,1428,0.604828463,2361,17.81,7,266,0.113,0.27,79.685372,3891.66,62.10,20475944.84,12.54,2.284727273,1.880259,1.861919959
CKI,Cocos (Keeling) I.,28.91,48,0.857142857,56,66.5,51,0,0,0.43,0.016896,13309.33,0.00,1269.49,43.91,1.495181818,2.226646,5.053002152
CLC,Chile Central,186889.30,1287,0.515625,2496,5.94,2,808,0.324,0.69,165.142482,12619.29,323.45,13086507.56,70.02,1.968727273,0.36409,3.943262506
CLM,Colombia,1143180.87,7363,0.363299946,20267,6.37,3,6086,0.3,0.63,239.433704,5523.55,340.99,43347792.74,37.92,2.660727273,0.241528,4.28394651
CLN,Chile North,260769.64,796,0.555865922,1432,6.46,2,332,0.232,0.66,26.511662,21756.92,66.70,1218539.15,4.67,1.968727273,0.36409,3.943262506
CLS,Chile South,299274.66,701,0.617077465,1136,7.3,3,67,0.059,0.53,14.936322,11521.21,62.26,1296419.34,4.33,1.968727273,0.36409,3.943262506
CMN,Cameroon,467861.00,2609,0.461443226,5654,13.96,8,619,0.109,0.56,28.245966,1551.27,155.14,18208254.88,38.92,2.183454545,NA,2.772684706
CNT,Connecticut,12853.54,1109,0.894354839,1240,41.01,34,6,0.005,0.75,356.67362,102786.15,2390.79,3470055.22,269.97,2.299636364,2.754861,4.946395
CNY,Canary Is.,7548.96,1008,0.748329621,1347,20.77,5,583,0.433,0.69,47.475366,25597.13,1282.78,1854714.55,245.69,1.838909091,1.27476,4.344820015
COL,Colorado,270549.61,1749,0.79790146,2192,22,11,131,0.06,0.83,401.838642,84409.71,207.36,4760573.67,17.60,2.299636364,2.754861,4.946395
COM,Comoros,2186.92,399,0.572453372,697,20.56,6,175,0.251,0.34,8.870122,10960.92,363.63,809249.84,370.04,NA,NA,2.759411248
CON,Congo,346353.88,1584,0.500790389,3163,15.86,9,42,0.013,0.24,9.794348,2189.75,62.83,4472813.49,12.91,2.107,NA,3.629513776
COO,Cook Is.,202.43,141,0.629464286,224,28.81,15,23,0.103,0.28,0.219158,13287.24,289.53,16493.87,81.48,1.392090909,1.21692,6.417572093
COR,Corse,24165.00,1454,0.824730573,1763,31.83,25,78,0.044,0.55,40.244296,26404.06,611.78,1524170.47,63.07,1.785090909,2.20872,5.557332007
COS,Costa Rica,51388.86,4553,0.532390084,8552,10.5,6,1419,0.166,0.67,46.546898,11595.29,382.47,4014293.60,78.12,1.704181818,0.498785556,5.760565273
CPI,C. American Pacific Is.,32.25,132,0.790419162,167,36.27,25,28,0.168,0.54,0,0.00,0.00,0.00,0.00,1.756784365,0.819265349,5.664225752
CPP,Cape Provinces,663605.93,6248,0.494851893,12626,4.13,1,8670,0.687,0.79,93.326636,7500.86,231.43,12442124.32,18.75,2.518,0.782624444,5.551352843
CPV,Caprivi Strip,20202.88,314,0.707207207,444,24.78,13,0,0,0.54,0.54228,5536.36,72.75,97948.80,4.85,2.108272727,0.240805,NA
CRL,Caroline Is.,1289.97,346,0.485955056,712,18.52,6,268,0.376,0.30,0.642168,5531.19,15.82,116099.33,90.00,NA,NA,8.247162948
CRZ,Crozet Is.,353.45,13,0.684210526,19,12.37,11,0,0,0.89,0,0.00,0.00,0.00,0.00,1.785090909,2.20872,5.557332007
CTA,Chita,431069.69,933,0.762254902,1224,28.37,15,12,0.01,0.10,3.163786,2650.42,22.04,1193694.39,2.77,2.821090909,1.086097,3.690385385
CTM,Chatham Is.,705.63,208,0.781954887,266,9,4,39,0.147,0.57,0,0.00,0.00,486.36,0.69,1.392090909,1.21692,6.417572093
CUB,Cuba,110516.44,2146,0.429973953,4991,11.67,2,2404,0.482,0.50,189.484642,16516.72,542.24,11472289.97,103.81,2.059909091,0.452225556,10.02396463
CVI,Cape Verde,3545.34,335,0.786384977,426,44.58,35.5,65,0.153,0.21,1.538726,3618.78,554.50,425205.41,119.93,NA,0.07264,5.841076665
CYP,Cyprus,9279.53,849,0.793457944,1070,27.89,21,106,0.099,0.36,24.65577,24838.42,1223.13,992646.46,106.97,1.935181818,0.474984,6.149948747
CZE,Czechoslovakia,127560.02,1859,0.613126649,3032,25.12,16,257,0.085,0.50,216.982554,13731.65,967.28,15801635.02,123.88,1.637409308,1.306456104,4.096006228
DEL,Delaware,5075.94,958,0.878899083,1090,38.45,32,1,0.001,0.31,100.264508,129756.17,3057.64,772714.77,152.23,2.299636364,2.754861,4.946395
DEN,Denmark,42853.40,971,0.653432032,1486,34.8,29,52,0.035,0.76,328.671972,61227.48,1195.89,5368046.37,125.27,1.508636364,2.989818,8.029596673
DJI,Djibouti,21567.18,457,0.730031949,626,26.71,19,11,0.018,0.02,0.585996,828.03,263.09,707698.75,32.81,1.928181818,NA,8.123816989
DOM,Dominican Republic,48675.71,1485,0.515446026,2881,15.62,5,489,0.17,0.56,64.501958,7670.24,261.79,8409374.79,172.76,2.099909091,NA,1.81480333
DSV,Desventurados Is.,6.02,11,0.523809524,21,12.81,1,11,0.524,0.05,0,0.00,0.00,5243.58,870.89,1.968727273,0.36409,3.943262506
EAI,East Aegean Is.,6567.40,1231,0.760345893,1619,24.42,18,76,0.047,0.65,9.140866,22388.94,530.24,408275.92,62.17,2.056454545,0.801913,3.374982499
EAS,Easter Is.,189.68,22,0.733333333,30,42.57,31,5,0.167,0.20,0,0.00,0.00,4665.06,24.59,1.968727273,0.36409,3.943262506
ECU,Ecuador,249573.42,5684,0.378579992,15014,6.46,2,4722,0.315,0.56,48.281306,3540.74,321.15,13635935.25,54.64,2.225909091,0.360031429,3.837777999
EGY,Egypt,945618.61,1051,0.783743475,1341,28.6,20,17,0.013,0.26,285.589132,3805.91,53.15,75038347.13,79.35,2.281,0.548579,4.361367118
EHM,East Himalaya,133169.27,3078,0.581193353,5296,12.06,6,535,0.101,0.20,6.11329,1218.27,86.37,5018018.89,37.68,2.308312862,NA,4.292617737
ELS,El Salvador,20708.06,1819,0.663626414,2741,18.27,12,40,0.015,0.67,32.275892,5705.75,1395.11,5656732.39,273.17,2.177181818,0.091325556,3.588319441
EQG,Equatorial Guinea,25061.76,641,0.581142339,1103,18.38,10,27,0.024,0.44,7.147676,9846.54,100.09,725907.41,28.96,1.988,NA,2.187979937
ERI,Eritrea,121737.67,1004,0.679296346,1478,25.28,18,20,0.014,0.06,1.56666,455.17,60.44,3441919.47,28.27,2.282454545,NA,3.312791426
ETH,Ethiopia,1134755.56,2284,0.556259133,4106,17.37,10,460,0.112,0.40,32.537378,458.06,71.86,71032392.63,62.60,2.409454545,0.423055,4.467226007
FAL,Falkland Is.,11733.10,97,0.692857143,140,10.31,5,12,0.086,0.61,0.152782,51066.39,46.64,2991.83,0.25,1.942727273,1.661602,4.946111045
FIJ,Fiji,19424.57,588,0.414084507,1420,10.86,2,700,0.493,0.27,3.09455,3795.45,68.68,815330.63,41.97,NA,NA,5.22575462
FIN,Finland,334537.30,911,0.472755579,1927,26.75,14,368,0.191,0.50,275.32121,53449.05,288.39,5151096.00,15.40,1.573272727,3.294129,6.376735249
FLA,Florida,147116.66,1793,0.820219579,2186,24.88,17.5,155,0.071,0.68,1212.89756,66698.08,1471.18,18184894.31,123.61,2.299636364,2.754861,4.946395
FOR,F?Â©royar,1593.56,229,0.823741007,278,48.71,44,6,0.022,0.31,2.45227,44496.52,835.78,55111.51,34.58,NA,NA,NA
FRA,France,539403.98,3073,0.611177407,5028,19.54,10,409,0.081,0.63,2828.434674,45729.22,969.31,61851801.23,114.67,1.785090909,2.20872,5.557124642
FRG,French Guiana,84183.47,2414,0.596786156,4045,13.6,8,246,0.061,0.69,3.9363,18503.56,41.81,212731.99,2.53,1.785090909,2.20872,5.557332007
GAB,Gabon,262446.43,1843,0.465992415,3955,13.03,6,365,0.092,0.48,12.094698,7182.40,47.57,1683936.34,6.42,1.989909091,0.54507,3.137913752
GAL,Gal?Ã­pagos,7993.77,325,0.641025641,507,28.09,17,141,0.278,0.44,0.05141,2405.69,0.00,21370.20,2.67,2.225909091,0.360031429,3.837777999
GAM,Gambia. The,10779.96,440,0.708534622,621,38.18,29,1,0.002,0.09,1.314878,928.57,495.65,1416028.45,131.36,2.033545455,0.056983333,2.172400549
GEO,Georgia,152897.21,1748,0.82725982,2113,25.96,20,13,0.006,0.59,673.268898,73822.55,772.38,9120098.47,59.65,2.299636364,2.754861,4.946395
GER,Germany,357078.55,1925,0.560570763,3434,22.88,13,250,0.073,0.72,4006.756402,48615.61,1584.02,82417067.81,230.81,1.867909091,2.827884,4.689670789
GGI,Gulf of Guinea Is.,3214.74,935,0.600513809,1557,21.94,14,156,0.1,0.35,1.033206,2220.10,252.55,465386.58,144.77,NA,NA,3.27573506
GHA,Ghana,240579.28,1401,0.573475235,2443,23.07,16,22,0.009,0.71,16.47572,739.22,125.78,22288045.97,92.64,1.752090909,0.37655,5.59955626
GIL,Gilbert Is.,452.36,63,0.828947368,76,51.28,42.5,1,0.013,0.01,0.053676,678.47,0.00,79112.88,174.89,NA,NA,11.34833328
GNB,Guinea-Bissau,34178.15,676,0.61287398,1103,30.9,22,5,0.005,0.39,0.5009,347.16,419.01,1442856.52,42.22,2.357454545,NA,2.619680009
GNL,Greenland,2149453.61,321,0.851458886,377,39.48,31,12,0.032,0.68,2.4669,68126.28,0.00,36210.70,0.02,NA,NA,8.029596673
GRB,Great Britain,230664.79,1311,0.514925373,2546,24.14,12,485,0.19,0.63,3162.891194,55438.29,1087.51,57052468.86,247.34,1.942727273,1.661602,4.946111045
GRC,Greece,117136.81,2906,0.681200188,4266,19.63,11,735,0.172,0.71,282.705948,28343.27,665.71,9974357.92,85.15,2.056454545,0.801913,3.374982499
GST,Gulf States,82774.04,476,0.827826087,575,31.08,21,3,0.005,0.20,376.54384,67526.17,317.58,5576265.02,67.37,1.82831765,0.722356788,NA
GUA,Guatemala,109623.33,3704,0.550289704,6731,13.02,8,591,0.088,0.62,52.244172,4073.61,383.54,12825019.98,116.99,2.217545455,0.04387625,2.81825583
GUI,Guinea,246604.81,1263,0.53562341,2358,21.9,16,71,0.03,0.44,7.687808,897.24,413.15,8568274.22,34.74,2.154636364,NA,2.284147054
GUY,Guyana,212076.91,2812,0.535925291,5247,12.31,7,343,0.065,0.72,1.783732,2156.09,21.83,827299.72,3.90,2.082818182,NA,5.908411762
HAI,Haiti,27405.50,1298,0.481811433,2694,15.05,4,523,0.194,0.33,8.24287,944.71,711.68,8725296.79,318.38,1.959181818,NA,2.80341
HAW,Hawaii,16957.04,571,0.596656217,957,7.4,1,836,0.874,0.50,90.939944,71039.41,464.74,1280133.64,75.49,2.299636364,2.754861,4.946395
HBI,Howland-Baker Is.,4.95,6,0.75,8,41.5,30,0,0,0.13,0,0.00,0.00,0.00,0.00,2.299636364,2.754861,4.946395
HMD,Heard-McDonald Is.,401.88,9,0.9,10,6.5,5,0,0,1.00,0,0.00,0.00,0.00,0.00,1.495181818,2.226646,5.053002152
HON,Honduras,112819.10,3344,0.630467572,5304,15.58,10,184,0.035,0.62,16.667376,2324.92,141.23,7169010.92,63.54,2.333090909,0.01497,6.327168
HUN,Hungary,92942.87,1567,0.756639305,2071,31.98,27,90,0.043,0.41,117.12801,10965.73,628.68,10681277.21,114.92,1.747454545,1.237139,4.837986519
ICE,Iceland,102507.69,342,0.537735849,636,31.14,18.5,214,0.336,0.65,19.45067,65905.01,148.94,295131.90,2.88,1.276636364,2.227985,7.085287988
IDA,Idaho,216474.89,1337,0.824799506,1621,23.58,11,37,0.023,0.73,87.005132,59729.14,100.04,1456661.43,6.73,2.299636364,2.754861,4.946395
ILL,Illinois,150356.32,1671,0.867151012,1927,32.6,28,25,0.013,0.68,1037.657462,61703.96,893.51,16816707.72,111.85,2.299636364,2.754861,4.946395
IND,India,2681918.15,2708,0.468269064,5783,12.07,3,2238,0.387,0.25,1719.664548,1650.34,364.84,1042008085.37,388.53,2.557545455,0.797028,3.625841551
INI,Indiana,94883.80,1282,0.885970974,1447,37.34,31,5,0.003,0.59,442.756234,65184.57,730.56,6792347.36,71.59,2.299636364,2.754861,4.946395
IOW,Iowa,145369.31,1022,0.908444444,1125,40.3,34,1,0.001,0.57,212.21606,69263.35,362.99,3063901.00,21.08,2.299636364,2.754861,4.946395
IRE,Ireland,83837.42,828,0.688279302,1203,35.91,30,15,0.012,0.53,297.146586,49948.29,605.83,5949084.52,70.96,1.778909091,1.415054,4.743766503
IRK,Irkutsk,771626.67,1057,0.7653874,1381,30.5,18,20,0.014,0.20,11.936932,4740.89,27.96,2517866.83,3.26,2.821090909,1.086097,3.690385385
IRN,Iran,1628059.30,3343,0.559310691,5977,11.03,2,2354,0.394,0.38,325.798304,4265.79,93.30,76374694.87,46.91,2.272272727,0.350538,3.802175709
IRQ,Iraq,437460.18,1293,0.675195822,1915,18.69,7,140,0.073,0.24,45.548552,1586.30,322.05,28713617.04,65.64,3.303545455,0.03826375,NA
ITA,Italy,250858.22,3313,0.697033453,4753,20.97,13,549,0.116,0.64,1981.7644,38560.58,941.15,51393526.28,204.87,1.727454545,1.281893,4.319033328
IVO,Ivory Coast,323448.90,1573,0.524158614,3001,19.96,13,42,0.014,0.44,22.101718,1200.31,143.51,18413408.87,56.93,2.264272727,0.0928,4.303018633
JAM,Jamaica,11098.35,1380,0.551118211,2504,18.75,12,698,0.279,0.50,17.308366,6599.20,2226.44,2622798.99,236.32,2.098909091,NA,5.345942003
JAP,Japan,371234.96,2711,0.634003742,4276,12.4,3,1571,0.367,0.53,9542.606232,77808.13,1131.23,122642785.07,330.36,1.529545455,3.249755,3.488300625
JAW,Jawa,131602.88,2024,0.493538161,4101,12.89,6,734,0.179,0.21,274.44092,2122.76,440.02,129284742.41,982.39,1.835818182,0.161365,2.825423125
JNF,Juan Fern?Ã­ndez Is.,152.09,99,0.6,165,8.98,3,77,0.467,0.35,0,0.00,0.00,947.19,6.23,1.968727273,0.36409,3.943262506
KAM,Kamchatka,462810.35,655,0.800733496,818,30.54,17,31,0.038,0.44,1.50346,4900.64,15.84,306788.55,0.66,2.821090909,1.086097,3.690385385
KAN,Kansas,212295.87,1052,0.858075041,1226,33.19,27,2,0.002,0.81,195.215612,72050.96,222.14,2709410.19,12.76,2.299636364,2.754861,4.946395
KAZ,Kazakhstan,2721513.51,2607,0.576005303,4526,16.21,6,600,0.133,0.12,79.388906,4957.59,114.50,16013596.42,5.88,2.164,0.170032,3.049107136
KEG,Kerguelen,7456.79,21,0.807692308,26,11.46,10,1,0.038,0.88,0,0.00,1.59,129.97,0.02,1.785090909,2.20872,5.557332007
KEN,Kenya,585749.65,2872,0.56591133,5075,15.57,8,353,0.07,0.37,36.89529,1040.99,171.74,35442586.25,60.51,2.314363636,0.78577,5.780124988
KER,Kermadec Is.,50.32,75,0.824175824,91,21.31,7,15,0.165,0.56,0,0.00,0.00,0.00,0.00,1.392090909,1.21692,6.417572093
KGZ,Kirgizistan,199752.63,1804,0.546335554,3302,15.09,5,426,0.129,0.10,4.237844,671.21,146.50,6313778.55,31.61,2.312636364,0.144181,5.469681892
KHA,Khabarovsk,821018.13,999,0.773219814,1292,25.62,13,29,0.022,0.09,7.848992,4920.39,15.00,1595195.89,1.94,2.821090909,1.086097,3.690385385
KOR,Korea,220609.68,2075,0.799614644,2595,18.65,7,212,0.082,0.26,1497.325092,21949.12,684.65,68218004.60,309.22,2.396633174,NA,NA
KRA,Krasnoyarsk,2378742.62,1277,0.745475773,1713,29.42,18,69,0.04,0.43,21.724646,8453.55,11.36,2569885.49,1.08,2.821090909,1.086097,3.690385385
KRI,Kriti,8238.23,1234,0.785486951,1571,25.67,19,179,0.114,0.58,14.628144,23646.24,739.31,618624.40,75.09,2.056454545,0.801913,3.374982499
KRY,Krym,25626.16,1406,0.76,1850,30.37,24.5,91,0.049,0.58,2.58874,1046.37,371.83,2474021.50,96.54,2.821090909,1.086097,3.690385385
KTY,Kentucky,104324.47,1503,0.878433665,1711,30.49,25,1,0.001,0.39,260.230376,60052.13,496.15,4333407.92,41.54,2.299636364,2.754861,4.946395
KUR,Kuril Is.,10648.74,665,0.783274441,849,26.43,11,39,0.046,0.08,0.118656,5614.20,56.37,21134.97,1.98,2.821090909,1.086097,3.690385385
KUW,Kuwait,16870.73,247,0.904761905,273,27.07,19,0,0,0.41,120.048304,62032.69,107.52,1935242.67,114.71,1.815545455,0.148004,5.515994283
KZN,Kazan-retto,41.31,128,0.831168831,154,38.21,23.5,6,0.039,0.12,0.047138,27428.07,97.20,1718.60,41.60,1.529545455,3.249755,3.488300625
LAB,Labrador,286750.70,447,0.906693712,493,45.04,38,1,0.002,0.65,1.840154,67058.44,4.61,27441.05,0.10,1.625090909,1.757034,5.107454558
LAO,Laos,231157.59,1974,0.63168,3125,13.1,8,198,0.063,0.18,6.587738,1110.55,133.77,5931971.84,25.66,1.858545455,NA,2.317983742
LBR,Liberia,96656.25,1152,0.532101617,2165,18.59,12,60,0.028,0.25,1.241744,373.34,261.24,3326047.01,34.41,1.965,NA,1.873135
LBS,Lebanon-Syria,198640.91,1639,0.660887097,2480,18.11,8,326,0.131,0.60,110.357938,4721.00,257.42,23375984.83,117.68,2.755650245,NA,4.880760447
LBY,Libya,1623952.12,1139,0.766487214,1486,25.34,18,83,0.056,0.13,99.478524,16696.39,75.69,5958086.48,3.67,2.415545455,NA,2.264169931
LDV,Laccadive Is.,60.89,129,0.854304636,151,45.13,38,0,0,0.02,17.28639,164336.42,0.00,105189.04,1727.59,2.557545455,0.797028,3.625841551
LEE,Leeward Is. AB Ant,3434.51,1137,0.690346084,1647,23.98,18,61,0.037,0.39,25.798498,31505.89,3703.38,818846.81,238.42,NA,NA,4.85290457
LES,Lesotho,30644.61,802,0.596282528,1345,13.18,6,26,0.019,0.65,2.31569,1385.14,110.19,1671812.68,54.55,1.863363636,0.028933333,10.88137177
LIN,Line Is.,623.72,20,0.689655172,29,49.07,42,1,0.034,0.17,0.020236,1477.60,0.00,13695.15,21.96,NA,NA,11.28208394
LOU,Louisiana,119503.53,1347,0.833024119,1617,29.67,23,6,0.004,0.68,311.730688,63764.60,551.06,4888773.14,40.91,2.299636364,2.754861,4.946395
LSI,Lesser Sunda Is.,105826.26,1390,0.586003373,2372,17.63,10,292,0.123,0.26,14.003308,1057.88,375.70,13237099.51,125.08,1.849670314,NA,2.812358976
MAG,Magadan,1174676.32,660,0.770128355,857,26.01,14,56,0.065,0.53,1.70696,8596.27,15.88,198569.95,0.17,2.821090909,1.086097,3.690385385
MAI,Maine,84021.66,1072,0.888152444,1207,42.03,36,8,0.007,0.55,82.960362,61806.40,315.81,1342261.61,15.98,2.299636364,2.754861,4.946395
MAN,Manitoba,649059.48,867,0.924307036,938,43.05,36,2,0.002,0.76,53.436446,46953.86,32.17,1138063.00,1.75,1.625090909,1.757034,5.107454558
MAQ,Macquarie Is.,128.01,30,0.833333333,36,10.64,5,3,0.083,0.86,0.007738,0.00,0.00,0.00,0.00,1.495181818,2.226646,5.053002152
MAS,Massachusetts,21066.49,1176,0.884875847,1329,40,33,9,0.007,0.65,594.465326,89595.68,3168.21,6634977.21,314.95,2.299636364,2.754861,4.946395
MAU,Mauritius,2066.09,484,0.647058824,748,23.14,3,213,0.285,0.20,13.002394,9886.81,11796.07,1315125.31,636.53,1.498181818,0.270965,3.944969998
MCI,Mozambique Channel Is.,15.07,49,0.844827586,58,50.03,41.5,0,0,0.02,0,0.00,0.00,0.00,0.00,1.785090909,2.20872,5.557332007
MCS,Marcus I.,6.73,3,0.75,4,72.25,64,0,0,0.25,0,0.00,0.00,280.00,41.60,1.529545455,3.249755,3.488300625
MDG,Madagascar,596097.84,3049,0.347068867,8785,5.48,1,7272,0.828,0.59,10.587906,598.94,121.41,17677717.22,29.66,1.915727273,0.077867143,2.861615297
MDR,Madeira,827.43,558,0.853211009,654,33.3,27,105,0.161,0.60,6.042306,24844.73,1779.55,243202.70,293.92,1.505181818,1.386583,5.116852794
MDV,Maldives,141.60,118,0.874074074,135,43.99,38,0,0,0.02,0.03272,386.06,0.00,84752.87,598.55,NA,NA,4.479438
MIC,Michigan,250787.87,1310,0.898491084,1458,39.13,33,11,0.008,0.67,697.684074,61713.04,752.48,11305295.10,45.08,2.299636364,2.754861,4.946395
MIN,Minnesota,224918.15,1174,0.915042868,1283,40.97,35,3,0.002,0.61,435.416098,82001.64,340.01,5309846.03,23.61,2.299636364,2.754861,4.946395
MLI,Mali,1259174.51,866,0.594371997,1457,29.02,22,9,0.006,0.52,8.21761,665.28,47.33,12352118.70,9.81,2.233636364,0.396983333,3.311407054
MLW,Malawi,119236.65,2039,0.54900377,3714,16.37,10,141,0.038,0.27,5.86717,424.91,140.96,13808167.50,115.80,1.866181818,NA,4.640480807
MLY,Malaya,133033.39,3010,0.46116133,6527,8.99,4,1663,0.255,0.26,495.084128,21888.41,227.42,22618550.84,170.02,1.749918271,1.125984669,5.500295197
MNT,Montana,380824.44,1345,0.87111399,1544,27.49,15,15,0.01,0.67,55.470616,57663.97,69.40,961963.11,2.53,2.299636364,2.754861,4.946395
MOL,Maluku,60134.50,1095,0.445665446,2457,12.66,5,551,0.224,0.14,1.642014,939.01,96.44,1748674.34,29.08,1.835818182,0.161365,2.825423125
MON,Mongolia,1562336.30,1413,0.650253106,2173,19.09,10,140,0.064,0.28,3.105692,1203.77,34.38,2579961.41,1.65,1.953454545,0.228358,4.941115629
MOR,Morocco,404502.01,2353,0.698634204,3368,18.52,8,586,0.174,0.68,106.772332,3433.76,98.47,31094891.68,76.87,1.943545455,0.71454,5.214622528
MOZ,Mozambique,790763.63,2432,0.581818182,4180,15.75,8,222,0.053,0.54,15.635084,773.50,79.17,20213320.42,25.56,1.911545455,0.304323333,4.308418552
MPE,Marion-Prince Edward Is.,337.91,15,0.681818182,22,16.64,10,2,0.091,0.86,0,0.00,0.00,0.00,0.00,2.518,0.782624444,5.551352843
MRN,Marianas,1199.62,203,0.642405063,316,30.73,21,68,0.215,0.25,19.040296,83313.37,169.36,228538.31,190.51,2.299636364,2.754861,4.946395
MRQ,Marquesas,1093.31,121,0.482071713,251,14.36,1,131,0.522,0.57,0.266618,30230.81,0.00,8819.41,8.07,NA,NA,NA
MRS,Marshall Is.,130.11,49,0.830508475,59,56.36,48,0,0,0.02,0.147152,12725.60,0.00,11563.46,88.87,NA,NA,11.81629987
MRY,Maryland,25622.54,1263,0.873443983,1446,36.24,30,1,0.001,0.59,452.828992,77435.22,1964.68,5847842.65,228.23,2.299636364,2.754861,4.946395
MSI,Mississippi,124421.78,1317,0.854085603,1542,29.42,23,0,0,0.63,149.772198,50185.60,325.86,2984365.96,23.99,2.299636364,2.754861,4.946395
MSO,Missouri,180688.86,1296,0.855445545,1515,33.58,28,14,0.009,0.80,401.129038,70047.53,462.45,5726526.58,31.69,2.299636364,2.754861,4.946395
MTN,Mauritania,1043771.38,585,0.728518057,803,34.49,24,3,0.004,0.11,3.117566,1123.39,48.50,2775132.36,2.66,2.205545455,NA,2.874567685
MXC,Mexico Central,66625.31,3435,0.576148943,5962,11.96,6,235,0.039,0.72,483.555456,15622.50,1386.08,30952496.53,464.58,2.298363636,0.506494444,4.689602107
MXE,Mexico Northeast,874670.98,5060,0.549462482,9209,9.76,4,1754,0.19,0.76,406.157508,14864.24,335.03,27324477.95,31.24,2.298363636,0.506494444,4.689602107
MXG,Mexico Gulf,71544.13,3907,0.606018303,6447,13.86,8,238,0.037,0.67,54.557672,7164.79,633.43,7614689.83,106.43,2.298363636,0.506494444,4.689602107
MXI,Mexican Pacific Is.,547.69,124,0.642487047,193,20.61,5,45,0.233,0.73,0,0.00,0.00,158.57,0.29,2.298363636,0.506494444,4.689602107
MXN,Mexico Northwest,384213.53,3437,0.626732312,5484,11.05,5,797,0.145,0.71,113.010924,14804.62,282.31,7633490.60,19.87,2.298363636,0.506494444,4.689602107
MXS,Mexico Southwest,330886.06,5794,0.499525821,11599,9.11,4,2297,0.198,0.69,165.867962,8559.41,438.81,19378434.17,58.57,2.298363636,0.506494444,4.689602107
MXT,Mexico Southeast,237825.69,4336,0.572636027,7572,12.89,8,463,0.061,0.69,94.523554,9116.24,334.93,10368700.43,43.60,2.298363636,0.506494444,4.689602107
MYA,Myanmar,671444.31,3530,0.567797973,6217,11.55,7,709,0.114,0.16,43.002772,761.21,120.98,56492791.85,84.14,2.306545455,0.03082,1.476035
NAM,Namibia,808500.63,1623,0.530218883,3061,12.4,4,553,0.181,0.67,9.430742,5508.50,50.62,1712035.58,2.12,2.108272727,0.240805,NA
NAT,KwaZulu-Natal,93063.92,2373,0.586360267,4047,13.04,5,362,0.089,0.70,60.707174,6245.64,263.62,9719936.24,104.44,2.518,0.782624444,5.551352843
NBR,New Brunswick,72813.63,741,0.915945612,809,46.58,39,0,0,0.68,27.578866,38106.16,150.94,723737.73,9.94,1.625090909,1.757034,5.107454558
NCA,North Carolina,128470.97,1726,0.838678328,2058,28.65,23,20,0.01,0.71,639.402162,72690.15,840.91,8796269.20,68.47,2.299636364,2.754861,4.946395
NCB,Nicobar Is.,1877.83,689,0.671539961,1026,21.89,13,54,0.053,0.00,0.083786,1944.79,29.19,43082.22,22.94,2.557545455,0.797028,3.625841551
NCS,North Caucasus,253486.00,1462,0.669413919,2184,23.61,12,217,0.099,0.34,33.290282,2193.51,122.06,15176728.75,59.87,2.821090909,1.086097,3.690385385
NDA,North Dakota,182451.68,732,0.93129771,786,42.14,35,0,0,0.59,44.673012,66293.87,121.56,673863.43,3.69,2.299636364,2.754861,4.946395
NEB,Nebraska,200318.18,919,0.905418719,1015,38.6,33,2,0.002,0.68,131.384448,77431.90,145.47,1696774.11,8.47,2.299636364,2.754861,4.946395
NEP,Nepal,147746.73,2634,0.631957774,4168,14.85,7,298,0.071,0.40,15.291932,634.87,254.43,24086628.43,163.03,2.159272727,0.205276667,3.712335716
NET,Netherlands,35726.65,1052,0.693473962,1517,34.99,30,34,0.022,0.69,844.8516,50627.80,2216.05,16687503.89,467.09,1.652909091,1.886817,5.105386994
NEV,Nevada,287029.42,1425,0.767366721,1857,17.83,7,83,0.045,0.69,206.059812,90152.35,106.93,2285684.26,7.96,2.299636364,2.754861,4.946395
NFK,Norfolk Is.,63.42,206,0.712802768,289,19.45,4,110,0.381,0.69,0.065118,20734.28,0.00,3140.60,49.52,1.495181818,2.226646,5.053002152
NFL,Newfoundland,112039.19,647,0.90237099,717,43.51,36,6,0.008,0.62,30.103664,57192.13,72.38,526360.28,4.70,1.625090909,1.757034,5.107454558
NGA,Nigeria,914383.09,2046,0.542130366,3774,19.25,13,61,0.016,0.26,154.141286,1133.42,102.77,135996950.63,148.73,2.593363636,NA,NA
NGR,Niger,1188526.70,600,0.721153846,832,35.07,26,3,0.004,0.25,5.37325,422.94,36.93,12704585.04,10.69,2.313818182,NA,3.915793893
NIC,Nicaragua,128901.60,3232,0.670678564,4819,16.41,11,69,0.014,0.72,10.195226,1752.01,241.63,5819163.53,45.14,1.903636364,0.097756,3.411860013
NLA,Netherlands Antilles,796.86,294,0.733167082,401,33.77,25,7,0.017,0.19,5.14574,29482.56,8463.67,174535.02,219.03,1.652909091,1.886817,5.00044116
NNS,Nansei-shoto,2116.77,1004,0.772307692,1300,22.31,10,135,0.104,0.33,57.166422,47251.51,358.54,1209832.68,571.55,1.529545455,3.249755,3.488300625
NOR,Norway,320493.25,1057,0.629916567,1678,32.26,25,124,0.074,0.67,387.363018,90200.80,202.49,4294452.25,13.40,1.773636364,1.760695,7.077410987
NRU,Nauru,29.11,36,0.837209302,43,52.47,48,0,0,0.12,0.065138,5003.86,0.00,13017.55,447.17,NA,NA,11.53605
NSC,Nova Scotia,55338.82,722,0.912768647,791,46.07,38,2,0.003,0.73,34.236626,34878.05,169.10,981609.44,17.74,1.625090909,1.757034,5.107454558
NSW,New South Wales,807205.93,2487,0.608217168,4089,6.27,2,904,0.221,0.83,363.154752,45245.14,151.04,8026381.93,9.94,1.495181818,2.226646,5.053002152
NTA,Northern Territory,1355700.77,1372,0.497461929,2758,9.48,3,483,0.175,0.85,14.932856,68329.99,42.32,218540.31,0.16,1.495181818,2.226646,5.053002152
NUE,Niue,254.08,104,0.626506024,166,26.3,14.5,1,0.006,0.21,0.03562,23736.72,382.34,1500.63,5.91,1.392090909,1.21692,6.417572093
NUN,Nunavut,1193666.29,410,0.917225951,447,39.01,30,2,0.004,0.60,1.04925,87603.17,0.00,11977.31,0.01,1.625090909,1.757034,5.107454558
NWC,New Caledonia,19326.25,1100,0.410294666,2681,6.05,1,2075,0.774,0.64,6.590224,30678.11,129.24,214818.43,11.12,NA,NA,NA
NWG,New Guinea,821815.78,2290,0.216200906,10592,4.96,1,7401,0.699,0.47,20.777574,2740.83,56.66,7580762.73,9.22,1.891584855,0.108027028,NA
NWH,New Hampshire,24210.79,1004,0.903690369,1111,43.29,36,1,0.001,0.57,101.149608,76849.29,604.55,1316207.39,54.36,2.299636364,2.754861,4.946395
NWJ,New Jersey,19858.51,1238,0.868162693,1426,37.67,31,5,0.004,0.55,789.560328,76658.85,4463.20,10299662.91,518.65,2.299636364,2.754861,4.946395
NWM,New Mexico,315887.40,2047,0.744905386,2748,18.37,8,103,0.037,0.77,127.781284,63819.44,117.32,2002231.42,6.34,2.299636364,2.754861,4.946395
NWT,Northwest Territories,1083190.28,670,0.916552668,731,37.6,28,2,0.003,0.46,0.56025,50647.76,0.00,11061.69,0.01,1.625090909,1.757034,5.107454558
NWY,New York,137097.58,1454,0.873273273,1665,37.52,31,9,0.005,0.60,1768.249894,94796.81,884.85,18653053.07,136.06,2.299636364,2.754861,4.946395
NZN,New Zealand North,114795.73,680,0.71654373,949,7.14,2,191,0.201,0.76,96.001906,31913.50,511.55,3008190.93,26.20,1.392090909,1.21692,6.417572093
NZS,New Zealand South,152951.46,789,0.661357921,1193,5.56,2,454,0.381,0.82,26.658396,26779.34,276.64,995483.86,6.51,1.392090909,1.21692,6.417572093
OFS,Free State,130465.37,1196,0.574723691,2081,13.04,5,21,0.01,0.72,19.93483,6671.64,330.33,2987997.03,22.90,2.518,0.782624444,5.551352843
OGA,Ogasawara-shoto,76.84,232,0.805555556,288,28.64,9,75,0.26,0.28,0.057276,17919.56,163.29,3196.28,41.60,1.529545455,3.249755,3.488300625
OHI,Ohio,116536.15,1293,0.886831276,1458,38.13,32,5,0.003,0.59,819.226936,56646.03,1122.72,14462213.68,124.10,2.299636364,2.754861,4.946395
OKL,Oklahoma,181539.51,1330,0.826086957,1610,28.5,23,7,0.004,0.59,225.61238,60056.37,284.84,3756677.14,20.69,2.299636364,2.754861,4.946395
OMA,Oman,310487.67,700,0.709219858,987,25.54,16,74,0.075,0.52,70.925436,25979.23,78.41,2730082.60,8.79,1.901,0.207607143,4.108156431
ONT,Ontario,1074870.94,1428,0.889719626,1605,37.81,32,12,0.007,0.74,616.910208,35529.53,91.57,17363306.77,16.15,1.625090909,1.757034,5.107454558
ORE,Oregon,251403.44,1743,0.806944444,2160,18.6,7,93,0.043,0.85,267.040986,72132.75,177.86,3702077.08,14.73,2.299636364,2.754861,4.946395
PAK,Pakistan,797888.44,1839,0.626575809,2935,19.99,9,246,0.084,0.42,222.481258,1422.23,115.08,156430823.50,196.06,2.928,0.31042,2.513352223
PAL,Palestine,116539.13,1340,0.724716063,1849,21.78,12,116,0.063,0.72,346.33184,21368.73,477.17,16207412.84,139.07,2.144934117,1.210840807,5.391037857
PAN,Panama,75012.22,4257,0.522651934,8145,10.48,5,1195,0.147,0.66,41.978574,13179.40,145.85,3185164.68,42.46,1.925090909,0.12962,3.997453008
PAR,Paraguay,400663.66,2288,0.525614519,4353,11.49,6,382,0.088,0.75,18.585654,3356.95,114.30,5536474.57,13.82,2.214363636,0.097493333,3.53908331
PEI,Prince Edward I.,5993.01,460,0.927419355,496,52.44,42,1,0.002,0.69,4.633774,34077.98,796.80,135975.61,22.69,1.625090909,1.757034,5.107454558
PEN,Pennsylvania,119435.07,1383,0.878095238,1575,37.38,31,2,0.001,0.55,906.808196,73616.34,998.67,12318028.95,103.14,2.299636364,2.754861,4.946395
PER,Peru,1299039.69,6184,0.372664819,16594,6.24,2,5834,0.352,0.64,177.387914,6754.67,160.07,26261539.11,20.22,2.235454545,0.097934286,3.14754618
PHI,Philippines,296517.72,2439,0.340072504,7172,8.21,1,3924,0.547,0.25,223.538842,2490.08,348.80,89771669.11,302.75,2.346090909,0.12305,2.961532307
PHX,Phoenix Is.,91.29,19,0.76,25,51.68,41,0,0,0.04,0.00014,925.03,0.00,151.35,1.66,NA,NA,11.34833328
PIT,Pitcairn Is.,53.88,38,0.542857143,70,24.27,11,14,0.2,0.51,0,0.00,0.00,58.18,1.08,1.942727273,1.661602,4.946111045
POL,Poland,311185.94,1606,0.676210526,2375,29.74,23,43,0.018,0.53,499.854566,12999.75,729.17,38451101.20,123.56,1.678454545,0.84255,5.08815248
POR,Portugal,88706.58,1728,0.79266055,2180,26.36,19,96,0.044,0.77,218.869498,21979.08,714.12,9958083.17,112.26,1.505181818,1.386583,5.116852794
PRM,Primorye,164933.85,1067,0.76323319,1398,23.81,11,79,0.057,0.13,8.426714,4011.25,62.26,2100771.40,12.74,2.821090909,1.086097,3.690385385
PUE,Puerto Rico,9296.63,1347,0.695405266,1937,23.05,18,213,0.11,0.55,160.895072,40293.76,3157.73,3993051.72,429.52,NA,0.439896667,6.27687
QLD,Queensland,1737270.16,3352,0.566694844,5915,7.2,2,1946,0.329,0.81,203.926418,45442.97,88.90,4487523.94,2.58,1.495181818,2.226646,5.053002152
QUE,Qu?Â®bec,1510496.23,1248,0.862474084,1447,37.88,33,38,0.026,0.75,314.835718,44932.89,25.69,7006799.23,4.64,1.625090909,1.757034,5.107454558
REU,R?Â®union,2658.23,467,0.612057667,763,20.82,3,225,0.295,0.30,20.398828,24557.34,239.06,830661.02,312.49,1.785090909,2.20872,5.557332007
RHO,Rhode I.,2729.33,861,0.910147992,946,44.32,36,0,0,0.64,74.548862,83725.19,3937.86,890399.43,326.23,2.299636364,2.754861,4.946395
ROD,Rodrigues,117.09,103,0.741007194,139,42.29,28,26,0.187,0.06,0.308808,7648.57,0.00,40374.61,344.81,1.498181818,0.270965,3.944969998
ROM,Romania,237333.21,2114,0.733263961,2883,27.8,21,165,0.057,0.41,114.59822,5473.48,271.63,20937001.73,88.22,1.740272727,0.467788,3.450567498
RUC,Central European Russia,850934.65,1259,0.75524895,1667,36.57,31,33,0.02,0.58,300.874352,6266.68,126.76,48011737.06,56.42,2.821090909,1.086097,3.690385385
RUE,East European Russia,733970.71,1116,0.724205062,1541,34.56,29,89,0.058,0.17,93.422018,4602.78,95.79,20296888.77,27.65,2.821090909,1.086097,3.690385385
RUN,North European Russia,1457904.48,1033,0.667744021,1547,32.86,26,165,0.107,0.34,33.754972,6577.96,41.26,5131524.43,3.52,2.821090909,1.086097,3.690385385
RUS,South European Russia,436620.76,1380,0.778341794,1773,32.77,26,21,0.012,0.29,32.239044,2760.75,107.96,11677636.98,26.75,2.821090909,1.086097,3.690385385
RUW,Northwest European Russia,194594.06,991,0.764660494,1296,41.07,36,10,0.008,0.32,43.632228,5146.66,137.68,8477780.85,43.57,2.821090909,1.086097,3.690385385
RWA,Rwanda,25312.33,1203,0.600599101,2003,21.21,14,45,0.022,0.25,6.653368,714.53,1115.42,9311579.98,367.87,2.197181818,NA,4.239418556
SAK,Sakhalin,75359.49,731,0.775185578,943,27.83,13,60,0.064,0.35,5.265094,10685.75,88.17,492721.01,6.54,2.821090909,1.086097,3.690385385
SAM,Samoa,3191.24,341,0.453457447,752,15.7,5,225,0.299,0.26,5.149588,20049.72,125.81,256840.91,80.48,NA,NA,4.138493516
SAR,Sardegna,8788.86,1339,0.808574879,1656,29.28,23,101,0.061,0.62,10.034242,35064.39,500.45,286166.16,32.56,1.727454545,1.281893,4.319475981
SAS,Saskatchewan,650601.16,838,0.914847162,916,40.5,32,3,0.003,0.64,66.656586,72022.56,52.41,925495.96,1.42,1.625090909,1.757034,5.107454558
SAU,Saudi Arabia,1963415.91,1189,0.733497841,1621,24.29,15,79,0.049,0.27,529.89796,22537.11,44.12,23512241.43,11.98,2.171818182,0.599373333,6.315204156
SCA,South Carolina,80735.37,1564,0.845862628,1849,27.58,21,5,0.003,0.65,256.585434,54496.88,888.11,4708258.78,58.32,2.299636364,2.754861,4.946395
SCI,Society Is.,1537.71,234,0.5,468,17.02,2.5,200,0.427,0.46,4.140416,20845.14,90.38,198627.44,129.17,NA,NA,NA
SCS,South China Sea,22.93,71,0.898734177,79,59.28,46,2,0.025,0.01,0,0.00,0.00,498.24,21.72,2.284727273,1.880259,1.861919959
SCZ,Santa Cruz Is.,857.14,96,0.507936508,189,14.38,6,11,0.058,0.12,0.016804,1273.22,0.00,13198.08,15.40,NA,NA,7.952507983
SDA,South Dakota,198731.21,912,0.913827655,998,39.14,32,2,0.002,0.66,57.236482,74161.67,99.37,771779.80,3.88,2.299636364,2.754861,4.946395
SEL,Selvagens,1.87,61,0.871428571,70,32.09,25.5,3,0.043,0.03,0,0.00,0.00,0.00,0.00,1.505181818,1.386583,5.116852794
SEN,Senegal,197219.67,994,0.593787336,1674,29.78,22,18,0.011,0.42,12.740624,1137.36,388.53,11201901.27,56.80,1.912,0.55377,4.046352111
SEY,Seychelles,330.72,251,0.738235294,340,34.86,23.5,71,0.209,0.14,1.19056,9562.27,394.71,124506.06,376.47,NA,0.22162,4.791015496
SGE,South Georgia,3606.81,14,0.736842105,19,17.37,11,0,0,1.00,0,0.00,0.00,0.00,0.00,1.931363636,0.574948889,4.708739512
SIC,Sicilia,26093.60,1623,0.799507389,2030,27.87,21,166,0.082,0.57,120.045868,22094.26,838.08,5433351.57,208.23,1.727454545,1.281893,4.319475981
SIE,Sierra Leone,72964.46,1132,0.541626794,2090,21.82,15,34,0.016,0.16,3.148052,640.02,476.65,4918683.60,67.41,1.949363636,NA,3.10688875
SIN,Sinai,56884.72,816,0.762616822,1070,24.12,16,23,0.021,0.29,22.945502,40047.37,88.66,572959.02,10.07,2.281,0.548579,4.361367118
SOA,South Australia,986663.44,1239,0.577084304,2147,6.46,4,334,0.156,0.84,66.874062,38750.10,85.41,1725777.88,1.75,1.495181818,2.226646,5.053002152
SOC,Socotra,3928.10,387,0.623188406,621,24.11,8,238,0.383,0.42,0.05927,1278.82,68.68,46347.42,11.80,2.609818182,NA,8.011536667
SOL,Solomon Is.,37113.45,818,0.435106383,1880,10.98,3,420,0.223,0.30,0.944614,1425.64,59.27,662587.21,17.85,NA,NA,7.952507983
SOM,Somalia,640496.11,1327,0.521005104,2547,14.47,5,594,0.233,0.29,5.67216,752.57,256.70,7537078.19,11.77,3.405727273,NA,NA
SPA,Spain,494562.16,3429,0.646127756,5307,16.95,6,1250,0.236,0.75,1322.745188,32964.20,524.35,40126720.54,81.14,1.838909091,1.27476,4.343238733
SRL,Sri Lanka,66719.85,1407,0.522853958,2691,16.27,6,709,0.263,0.33,52.088362,2605.81,1502.91,19989309.29,299.60,2.298272727,0.112144,2.321158183
SSA,South Sandwich Is.,278.28,2,1,2,30.5,30.5,0,0,1.00,0,0.00,0.00,0.00,0.00,1.931363636,0.574948889,4.708739512
STH,St.Helena,133.79,40,0.597014925,67,21.66,1,37,0.552,0.16,0.154918,34306.92,195.58,4515.65,33.75,1.942727273,1.661602,4.946111045
SUD,Sudan,2501662.58,1975,0.630788885,3131,23.42,17,55,0.018,0.11,50.302168,1406.81,53.80,35756203.12,14.29,2.894216008,NA,1.59152126
SUL,Sulawesi,187249.20,1481,0.419071873,3534,11.59,4,1133,0.321,0.20,27.662814,1741.49,170.38,15884573.47,84.83,1.835818182,0.161365,2.825423125
SUM,Sumatera,474100.64,2289,0.413027788,5542,8.92,3,1593,0.287,0.18,138.163118,2951.99,338.97,46803427.26,98.72,1.835818182,0.161365,2.825423125
SUR,Surinam,145984.68,2258,0.612920738,3684,14.82,9,112,0.03,0.71,2.971892,5629.56,13.66,527908.84,3.62,NA,NA,NA
SVA,Svalbard,62651.70,127,0.819354839,155,34.29,26,8,0.052,0.76,0.078892,15794.73,0.00,4994.83,0.08,1.773636364,1.760695,7.077410987
SWC,Southwest Caribbean,358.90,189,0.9,210,35.33,29,1,0.005,0.53,0.61633,4092.97,676.46,150582.62,419.57,2.314027802,0.062506609,5.551702335
SWE,Sweden,444709.16,1220,0.40105194,3042,20.65,7,1018,0.335,0.57,517.707238,63638.63,269.51,8135109.65,18.29,1.424454545,3.297588,6.944467009
SWI,Switzerland,41490.35,1783,0.665050354,2681,26.83,19,135,0.05,0.58,584.87348,75660.98,1200.89,7730186.46,186.31,1.385818182,3.09175,5.04356351
SWZ,Swaziland,17190.91,1346,0.651815981,2065,16.98,8,32,0.015,0.63,3.459784,3362.03,160.09,1029076.37,59.86,2.335909091,0.27013,5.876735711
TAI,Taiwan,36327.24,2226,0.70154428,3173,15.75,7,683,0.215,0.67,927.950576,39446.70,2196.47,23524160.36,647.56,1.854181818,1.880259,1.861919959
TAN,Tanzania,947554.82,3785,0.481613437,7859,12.39,6,1323,0.168,0.58,33.31435,696.92,47.16,47802508.05,50.45,1.904909091,0.454745,3.399218184
TAS,Tasmania,68551.30,787,0.615324472,1279,6.63,4,342,0.267,0.76,18.807862,35813.24,134.90,525164.98,7.66,1.495181818,2.226646,5.053002152
TCI,Turks-Caicos Is.,422.18,239,0.753943218,317,30.7,20,7,0.022,0.14,1.422458,104638.27,267.85,13594.05,32.20,NA,NA,3.983884446
TCS,Transcaucasus,185708.27,2269,0.613574905,3698,18.04,5,671,0.181,0.52,64.587526,4026.13,188.88,16042091.19,86.38,2.450175668,0.224736645,2.816238851
TDC,Tristan da Cunha,171.19,39,0.475609756,82,12.41,2,40,0.488,0.60,0,0.00,16.80,244.69,1.43,1.942727273,1.661602,4.946111045
TEN,Tennessee,109167.89,1718,0.861152882,1995,28.04,23,17,0.009,0.57,425.685394,71147.09,612.00,5983173.39,54.81,2.299636364,2.754861,4.946395
TEX,Texas,687036.54,2486,0.726900585,3420,18.84,10,239,0.07,0.73,1821.863136,77628.68,395.73,23468944.01,34.16,2.299636364,2.754861,4.946395
THA,Thailand,515785.04,4203,0.538087313,7811,9.9,5,1358,0.174,0.31,351.61667,5532.73,515.59,63552154.07,123.21,2.410272727,0.445442857,4.17584445
TKM,Turkmenistan,472367.83,1043,0.615702479,1694,18.08,7,180,0.106,0.14,8.341884,1181.62,471.49,7059699.03,14.95,2.146363636,NA,3.04925
TOG,Togo,57495.13,938,0.604771115,1551,27.82,20,16,0.01,0.58,3.25368,646.55,136.46,5032390.55,87.53,1.954181818,0.249596667,3.993928492
TOK,Tokelau-Manihiki,65.17,38,0.775510204,49,53.8,41,1,0.02,0.12,0.006566,2281.26,0.00,2878.24,44.16,1.433977622,1.287901892,6.349671612
TON,Tonga,780.30,263,0.618823529,425,25.42,10,27,0.064,0.22,0.369485,5563.01,907.89,66418.12,85.12,NA,NA,4.626517113
TRT,Trinidad-Tobago,5061.10,1444,0.692898273,2084,22.08,16,90,0.043,0.30,26.817292,21903.04,134.52,1224364.13,241.92,2.078090909,0.060084444,3.03369626
TUA,Tuamotu,290.48,56,0.708860759,79,32.92,17,12,0.152,0.28,0.028906,7136.85,21.96,4050.25,13.94,NA,NA,NA
TUB,Tubuai Is.,99.32,113,0.525581395,215,20.77,8,73,0.34,0.15,0.124288,24337.49,194.82,5106.85,51.42,NA,NA,NA
TUE,Turkey-in-Europe,23538.42,1434,0.829861111,1728,31.02,25,21,0.012,0.10,92.955258,9636.05,1216.08,9646617.15,409.82,2.588636364,0.839997,2.433307509
TUN,Tunisia,155772.82,1502,0.785564854,1912,24.5,17,47,0.025,0.43,59.530918,5637.58,133.88,10559653.39,67.79,1.957363636,0.664648889,6.38936998
TUR,Turkey,757569.44,3766,0.531545519,7085,10.98,2,2895,0.409,0.40,421.911218,6706.06,548.55,62914950.36,83.05,2.588636364,0.839997,2.433307509
TUV,Tuvalu,53.18,33,0.804878049,41,43.15,38,0,0,0.10,0.034786,1732.68,0.00,20076.41,377.50,NA,NA,3.730829954
TVA,Tuva,169430.34,1009,0.717128643,1407,26.85,14,21,0.015,0.03,0.534168,1711.32,35.81,312137.17,1.84,2.821090909,1.086097,3.690385385
TVL,Northern Provinces,337166.14,2441,0.572601454,4263,13.26,6,483,0.113,0.71,194.765852,8615.20,353.27,22607236.61,67.05,2.518,0.782624444,5.551352843
TZK,Tadzhikistan,142603.28,1324,0.488741233,2709,13.54,4,491,0.181,0.17,4.191024,607.57,114.57,6898008.47,48.37,2.190909091,0.104423,3.200013519
UGA,Uganda,243693.80,2211,0.590387183,3745,19.33,13,60,0.016,0.34,21.879188,690.55,97.28,31683826.03,130.01,2.435909091,0.331405,2.775089
UKR,Ukraine,605243.86,2008,0.735261809,2731,28.31,21,113,0.041,0.25,91.766434,1823.85,388.72,50314647.93,83.13,2.352956704,0.682200253,5.704666209
URU,Uruguay,178338.34,1179,0.565738964,2084,13.08,6,137,0.066,0.41,58.374614,17736.98,408.69,3291124.30,18.45,1.713545455,0.359947778,3.0670825
UTA,Utah,220099.45,1477,0.747091553,1977,19.91,9,162,0.082,0.75,168.457098,62294.29,187.86,2704214.27,12.29,2.299636364,2.754861,4.946395
UZB,Uzbekistan,447000.39,1122,0.507233273,2212,15.59,5,227,0.103,0.07,52.926556,2156.16,146.30,24546640.16,54.91,2.190272727,0.200503,6.968546
VAN,Vanuatu,12770.67,407,0.490952955,829,12.47,5,171,0.206,0.25,0.556984,2606.59,44.99,213683.42,16.73,NA,NA,6.571269082
VEN,Venezuela,916139.40,5376,0.403573305,13321,8.39,4,3001,0.225,0.66,324.611112,12767.05,134.93,25425690.99,27.75,2.392818182,0.231651111,4.723683333
VER,Vermont,24705.66,1205,0.889298893,1355,37.95,33,14,0.01,0.62,42.245192,61619.80,292.57,685578.17,27.75,2.299636364,2.754861,4.946395
VIC,Victoria,228291.55,1374,0.605286344,2270,6.58,3,261,0.115,0.80,247.569862,45490.90,278.78,5442184.42,23.84,1.495181818,2.226646,5.053002152
VIE,Vietnam,327338.00,4112,0.520967946,7893,10.01,5,1870,0.237,0.26,123.545082,1506.55,591.34,82005464.52,250.52,2.018909091,0.382925,5.026325714
VNA,Venezuelan Antilles,1410.13,496,0.731563422,678,28.24,22,5,0.007,0.24,4.591034,9805.11,481.92,468228.58,332.05,2.392818182,0.231651111,4.723683333
VRG,Virginia,104101.40,1573,0.851190476,1848,31.76,26,10,0.005,0.62,650.347342,80873.14,703.35,8041573.97,77.25,2.299636364,2.754861,4.946395
WAK,Wake I.,19.64,8,0.8,10,63.7,64,1,0.1,0.10,0,0.00,0.00,0.00,0.00,2.299636364,2.754861,4.946395
WAL,Wallis-Futuna Is.,167.37,129,0.648241206,199,30.4,14,2,0.01,0.03,0.605072,39475.45,223.24,15327.80,91.58,1.785090909,2.20872,5.557332007
WAS,Washington,174358.34,1448,0.857819905,1688,24.53,11,53,0.031,0.78,490.111236,72377.05,385.83,6771638.44,38.84,2.299636364,2.754861,4.946395
WAU,Western Australia,2538221.05,3068,0.433272137,7081,4,1,4842,0.684,0.85,138.242268,56470.77,59.49,2448032.10,0.96,1.495181818,2.226646,5.053002152
WDC,District of Columbia,160.25,655,0.896032832,731,42.11,35,0,0,0.70,152.068136,511638.09,11617.42,297218.17,1854.74,2.299636364,2.754861,4.946395
WHM,West Himalaya,294512.96,2213,0.600216979,3687,17.41,7,415,0.113,0.48,52.6802,1789.20,211.92,29443496.80,99.97,2.557545455,0.797028,3.625841551
WIN,Windward Is.,3826.36,1115,0.684889435,1628,23.76,18,103,0.063,0.46,23.16334,20396.19,2780.73,1135669.79,296.80,NA,NA,5.231119992
WIS,Wisconsin,169725.88,1179,0.906923077,1300,40.34,34,2,0.002,0.67,401.86112,54471.42,591.28,7377467.15,43.47,2.299636364,2.754861,4.946395
WSA,Western Sahara,270173.64,248,0.794871795,312,26.21,19,4,0.013,0.05,1.652422,3280.92,24.62,503645.31,1.86,1.943545455,0.71454,5.214622528
WSB,West Siberia,2455355.33,1371,0.773702032,1772,32.1,23,27,0.015,0.19,180.13673,9510.91,35.94,18940008.10,7.71,2.821090909,1.086097,3.690385385
WVA,West Virginia,62623.28,1125,0.891442155,1262,37.32,32,1,0.001,0.44,98.03616,54667.15,387.39,1793328.56,28.64,2.299636364,2.754861,4.946395
WYO,Wyoming,254505.35,1299,0.834296724,1557,26.25,14,28,0.018,0.65,50.59572,96328.69,70.59,525240.42,2.06,2.299636364,2.754861,4.946395
XMS,Christmas I.,124.75,136,0.751381215,181,36.99,25,16,0.088,0.36,0.01871,6939.34,196.23,2696.22,21.61,1.495181818,2.226646,5.053002152
YAK,Yakutskiya,3056458.30,922,0.742351047,1242,29.71,17,51,0.041,0.12,8.181174,9540.24,17.00,857544.11,0.28,2.821090909,1.086097,3.690385385
YEM,Yemen,422398.34,1057,0.666876972,1585,24.15,14,165,0.104,0.41,27.184544,1373.14,99.73,19797306.45,46.87,2.609818182,NA,8.011536667
YUG,Yugoslavia,255595.77,3113,0.72160408,4314,21.96,14,359,0.083,0.48,151.319644,6851.54,342.36,22085508.08,86.41,1.87834651,NA,NA
YUK,Yukon,1612850.86,730,0.907960199,804,34.4,22,9,0.011,0.86,7.010392,67674.32,4.18,103590.13,0.06,1.625090909,1.757034,5.107454558
ZAI,Za?Â»re,2342231.64,3113,0.402508404,7734,11.99,6,1175,0.152,0.54,12.838646,211.00,73.25,60847617.75,25.98,2.927909091,0.189043333,1.882876667
ZAM,Zambia,756412.37,2299,0.475196362,4838,14.3,8,287,0.059,0.33,10.80466,943.74,56.60,11448715.36,15.14,1.799363636,0.27819,1.745830019
ZIM,Zimbabwe,391925.46,2388,0.580034005,4117,16.1,9,174,0.042,0.31,8.75953,725.37,179.17,12076015.61,30.81,2.523090909,NA,4.93715
